Rk,Player,Nation,Pos,Squad,Age,Born,MP,Starts,Min,Gls,Ast,PK,PKatt,CrdY,CrdR,Gls,Ast,G+A,G-PK,G+A-PK,Matches
1,Mouhamadou Gning / Mouhamadou-Gning,sn SEN,MF,Kerala Blasters,30,1989,6,5,495,0,0,0,0,3,0,0.00,0.00,0.00,0.00,0.00,Matches
2,Sahal Abdul Samad / Sahal-Abdul-Samad,in IND,MF,Kerala Blasters,22,1997,10,5,433,0,2,0,0,1,0,0.00,0.42,0.42,0.00,0.42,Matches
3,Noé Acosta / Noe-Acosta,es ESP,MF,Jamshedpur,35,1983,7,4,326,0,0,0,0,1,0,0.00,0.00,0.00,0.00,0.00,Matches
4,Agus / Agus,es ESP,DFFW,Kolkata,34,1985,10,9,840,0,1,0,0,4,0,0.00,0.11,0.11,0.00,0.11,Matches
5,Gani Ahammed Nigam / Gani-Ahammed-Nigam,in IND,FW,Hyderabad FC,21,1998,5,1,164,0,0,0,0,0,0,0.00,0.00,0.00,0.00,0.00,Matches
6,Tarif Akhand / Tarif-Akhand,in IND,DF,Hyderabad FC,21,1998,1,0,2,0,0,0,0,0,0,0.00,0.00,0.00,0.00,0.00,Matches
7,Mohamed Ali / Mohamed-Ali,in IND,DF,Goa,31,1987,1,0,26,0,0,0,0,0,0,0.00,0.00,0.00,0.00,0.00,Matches
8,Rahim Ali / Rahim-Ali,in IND,FW,Chennaiyin,19,2000,3,1,64,0,0,0,0,0,0,0.00,0.00,0.00,0.00,0.00,Matches
9,Aniket Anil Jhadav / Aniket-Anil-Jhadav,in IND,FW,Jamshedpur,19,2000,9,2,261,1,0,0,0,1,0,0.34,0.00,0.34,0.34,0.34,Matches
10,Rino Anto / Rino-Anto,in IND,DF,Bengaluru,31,1988,1,0,,0,0,0,0,0,0,,,,,,Matches
11,Aridane / Aridane,es ESP,FW,Delhi Dynamos,32,1987,10,10,838,6,1,0,0,2,0,0.64,0.11,0.75,0.64,0.75,Matches
12,Mario Arqués / Mario-Arques,es ESP,MF,Kerala Blasters,27,1992,4,3,296,0,1,0,0,0,0,0.00,0.30,0.30,0.00,0.30,Matches
13,Raphael Augusto / Raphael-Augusto,br BRA,MF,Bengaluru,28,1991,9,9,785,0,1,0,0,2,0,0.00,0.11,0.11,0.00,0.11,Matches
14,Giles Barnes / Giles-Barnes,jm JAM,FWMF,Hyderabad FC,30,1988,6,4,431,0,0,0,0,1,0,0.00,0.00,0.00,0.00,0.00,Matches
15,Maximiliano Barreiro / Maximiliano-Barreiro,ar ARG,FW,NorthEast Utd,34,1985,7,0,212,1,0,1,1,0,0,0.42,0.00,0.42,0.00,0.00,Matches
16,Edu Bedia / Edu-Bedia,es ESP,MF,Goa,30,1989,8,3,338,0,1,0,0,3,0,0.00,0.27,0.27,0.00,0.27,Matches
17,Arindam Bhattacharya / Arindam-Bhattacharya,in IND,GK,Kolkata,30,1989,11,11,990,0,0,0,0,2,0,0.00,0.00,0.00,0.00,0.00,Matches
18,Rahul Bheke / Rahul-Bheke,in IND,DF,Bengaluru,28,1990,9,7,620,0,0,0,0,0,0,0.00,0.00,0.00,0.00,0.00,Matches
19,Pranjal Bhumij / Pranjal-Bhumij,in IND,FW,Mumbai City,20,1999,1,0,17,0,0,0,0,0,0,0.00,0.00,0.00,0.00,0.00,Matches
20,Bobô / Bobo,br BRA,FW,Hyderabad FC,34,1985,6,6,488,4,0,1,1,1,0,0.74,0.00,0.74,0.55,0.55,Matches
21,Gaurav Bora / Gaurav-Bora,in IND,MF,Delhi Dynamos,21,1998,2,1,135,0,0,0,0,2,0,0.00,0.00,0.00,0.00,0.00,Matches
22,Rowllin Borges / Rowllin-Borges,in IND,MF,Mumbai City,28,1991,8,8,720,1,0,0,0,4,0,0.12,0.00,0.12,0.12,0.12,Matches
23,Subashish Bose / Subashish-Bose,in IND,DF,Mumbai City,23,1995,11,11,945,1,1,0,0,2,0,0.10,0.10,0.19,0.10,0.19,Matches
24,Hugo Boumous / Hugo-Boumous,fr FRA,MF,Goa,24,1995,7,7,557,4,4,0,0,1,0,0.65,0.65,1.29,0.65,1.29,Matches
25,Diego Carlos / Diego-Carlos,br BRA,FW,Mumbai City,31,1988,10,8,724,1,1,0,0,4,0,0.12,0.12,0.25,0.12,0.25,Matches
26,Jessel Carneiro / Jessel-Carneiro,in IND,DF,Kerala Blasters,29,1990,10,10,900,0,1,0,0,1,0,0.00,0.10,0.10,0.00,0.10,Matches
27,Sergio Castel / Sergio-Castel,es ESP,FW,Jamshedpur,24,1995,6,6,527,5,0,1,1,0,0,0.85,0.00,0.85,0.68,0.68,Matches
28,Souvik Chakrabarti / Souvik-Chakrabarti,in IND,MF,Mumbai City,27,1992,7,6,527,1,0,0,0,3,1,0.17,0.00,0.17,0.17,0.17,Matches
29,Hali Charan Narzary / Hali-Charan-Narzary,in IND,FW,Kerala Blasters,24,1994,6,3,244,0,0,0,0,0,0,0.00,0.00,0.00,0.00,0.00,Matches
30,Martín Cháves / Martin-Chaves,uy URU,FW,NorthEast Utd,21,1998,9,9,784,0,2,0,0,1,0,0.00,0.23,0.23,0.00,0.23,Matches
31,Amine Chermiti / Amine-Chermiti,tn TUN,FW,Mumbai City,31,1987,10,10,836,4,0,0,0,3,0,0.43,0.00,0.43,0.43,0.43,Matches
32,Lallianzuala Chhangte / Lallianzuala-Chhangte,in IND,FW,Chennaiyin,21,1997,9,8,757,1,0,0,0,0,0,0.12,0.00,0.12,0.12,0.12,Matches
33,Sunil Chhetri / Sunil-Chhetri,in IND,FW,Bengaluru,34,1984,11,11,990,7,0,2,2,1,0,0.64,0.00,0.64,0.45,0.45,Matches
34,Farukh Choudhary / Farukh-Choudhary,in IND,FW,Jamshedpur,22,1996,10,10,854,1,3,0,0,2,0,0.11,0.32,0.42,0.11,0.42,Matches
35,Pratik Chowdhary / Pratik-Chowdhary,in IND,DF,Mumbai City,33,1986,11,10,948,1,0,0,0,2,0,0.09,0.00,0.09,0.09,0.09,Matches
36,Sergio Cidoncha / Sergio-Cidoncha,es ESP,MF,Kerala Blasters,28,1990,8,8,636,1,1,0,0,1,0,0.14,0.14,0.28,0.14,0.28,Matches
37,Liston Colaco / Liston-Colaco,in IND,FW,Goa,20,1998,3,0,7,0,0,0,0,0,0,0.00,0.00,0.00,0.00,0.00,Matches
38,Ferran Corominas / Ferran-Corominas,es ESP,FWMF,Goa,36,1983,8,8,716,7,2,2,2,0,0,0.88,0.25,1.13,0.63,0.88,Matches
39,Rafael Crivellaro / Rafael-Crivellaro,br BRA,MF,Chennaiyin,30,1989,9,8,679,2,2,0,0,2,0,0.27,0.27,0.53,0.27,0.53,Matches
40,Vignesh Dakshina Murthy / Vignesh-Dakshina-Murthy,in IND,MF,Mumbai City,21,1998,1,0,6,0,0,0,0,0,0,0.00,0.00,0.00,0.00,0.00,Matches
41,Narayan Das / Narayan-Das,in IND,DF,Delhi Dynamos,25,1993,10,10,900,0,0,0,0,2,0,0.00,0.00,0.00,0.00,0.00,Matches
42,Prabir Das / Prabir-Das,in IND,DF,Kolkata,25,1993,11,10,921,0,3,0,0,1,0,0.00,0.29,0.29,0.00,0.29,Matches
43,Sourav Das / Sourav-Das,in IND,MF,Mumbai City,23,1996,2,1,94,0,0,0,0,0,0,0.00,0.00,0.00,0.00,0.00,Matches
44,José David Leudo / Jose-David-Leudo,co COL,MF,NorthEast Utd,29,1990,8,8,677,0,0,0,0,2,0,0.00,0.00,0.00,0.00,0.00,Matches
45,Carlos Delgado / Carlos-Delgado,es ESP,DF,Delhi Dynamos,29,1990,9,8,741,1,0,0,0,3,1,0.12,0.00,0.12,0.12,0.12,Matches
46,Dimas Delgado / Dimas-Delgado,es ESP,MF,Bengaluru,36,1983,11,11,990,0,3,0,0,1,0,0.00,0.27,0.27,0.00,0.27,Matches
47,Diawandou Diagne / Diawandou-Diagne,sn SEN,DF,Delhi Dynamos,24,1994,8,7,617,0,1,0,0,1,0,0.00,0.15,0.15,0.00,0.15,Matches
48,Francisco Dorronsoro / Francisco-Dorronsoro,es ESP,GK,Delhi Dynamos,34,1985,4,4,360,0,0,0,0,1,0,0.00,0.00,0.00,0.00,0.00,Matches
49,Seiminlen Doungel / Seiminlen-Doungel,in IND,FW,Goa,25,1994,8,3,331,1,0,0,0,0,1,0.27,0.00,0.27,0.27,0.27,Matches
50,Vlatko Drobarov / Vlatko-Drobarov,mk MKD,DF,Kerala Blasters,26,1992,6,5,458,0,0,0,0,2,0,0.00,0.00,0.00,0.00,0.00,Matches
51,Anas Edathodika / Anas-Edathodika,in IND,DF,Kolkata,32,1987,5,5,405,0,0,0,0,2,0,0.00,0.00,0.00,0.00,0.00,Matches
52,Mourtada Fall / Mourtada-Fall,sn SEN,DF,Goa,31,1987,10,10,861,2,2,0,0,1,1,0.21,0.21,0.42,0.21,0.42,Matches
53,Brandon Fernandes / Brandon-Fernandes,in IND,MF,Goa,24,1994,11,11,985,2,5,0,0,3,0,0.18,0.46,0.64,0.18,0.64,Matches
54,Raynier Fernandes / Raynier-Fernandes,in IND,MF,Mumbai City,,,10,7,588,1,2,0,0,3,0,0.15,0.31,0.46,0.15,0.46,Matches
55,Romeo Fernandes / Romeo-Fernandes,in IND,MF,Delhi Dynamos,27,1992,3,0,65,0,0,0,0,0,0,0.00,0.00,0.00,0.00,0.00,Matches
56,Seriton Fernandes / Seriton-Fernandes,in IND,MF,Goa,27,1992,11,11,990,0,1,0,0,3,0,0.00,0.09,0.09,0.00,0.09,Matches
57,Dragoș Firțulescu / Dragos-Firtulescu,ro ROU,MF,Chennaiyin,30,1989,9,3,307,0,2,0,0,1,0,0.00,0.59,0.59,0.00,0.59,Matches
58,Narender Gahlot / Narender-Gahlot,in IND,DF,Jamshedpur,18,2001,6,6,540,0,0,0,0,1,0,0.00,0.00,0.00,0.00,0.00,Matches
59,Raju Gaikwad / Raju-Gaikwad,in IND,DF,Kerala Blasters,28,1990,8,7,662,0,0,0,0,1,0,0.00,0.00,0.00,0.00,0.00,Matches
60,Federico Gallego / Federico-Gallego,uy URU,MF,NorthEast Utd,29,1990,2,0,35,0,0,0,0,0,0,0.00,0.00,0.00,0.00,0.00,Matches
61,Saviour Gama / Saviour-Gama,in IND,DF,Goa,,,5,1,104,0,0,0,0,0,0,0.00,0.00,0.00,0.00,0.00,Matches
62,Dhanpal Ganesh / Dhanpal-Ganesh,in IND,MF,Chennaiyin,25,1994,4,4,315,0,0,0,0,1,0,0.00,0.00,0.00,0.00,0.00,Matches
63,Edu Garcia / Edu-Garcia,es ESP,MF,Kolkata,29,1990,8,3,344,3,1,0,0,0,0,0.78,0.26,1.05,0.78,1.05,Matches
64,Rana Gharami / Rana-Gharami,in IND,DF,Delhi Dynamos,28,1990,4,4,315,0,0,0,0,0,0,0.00,0.00,0.00,0.00,0.00,Matches
65,Shouvik Ghosh / Shouvik-Ghosh,in IND,DF,NorthEast Utd,26,1992,2,0,21,0,0,0,0,0,0,0.00,0.00,0.00,0.00,0.00,Matches
66,Lucian Goian / Lucian-Goian,ro ROU,DF,Chennaiyin,36,1983,9,9,810,0,0,0,0,3,0,0.00,0.00,0.00,0.00,0.00,Matches
67,Sarthak Golui / Sarthak-Golui,in IND,DF,Mumbai City,21,1997,10,10,876,1,0,0,0,4,1,0.10,0.00,0.10,0.10,0.10,Matches
68,Néstor Gordillo / Nestor-Gordillo,es ESP,MF,Hyderabad FC,29,1989,2,2,158,0,1,0,0,0,0,0.00,0.57,0.57,0.00,0.57,Matches
69,Mato Grgić / Mato-Grgic,hr CRO,DF,Mumbai City,31,1987,6,6,492,0,0,0,0,2,0,0.00,0.00,0.00,0.00,0.00,Matches
70,Robin Gurung / Robin-Gurung,in IND,DF,Jamshedpur,26,1992,10,9,790,0,0,0,0,1,0,0.00,0.00,0.00,0.00,0.00,Matches
71,Asamoah Gyan / Asamoah-Gyan,gh GHA,FW,NorthEast Utd,33,1985,8,8,592,4,1,1,1,2,0,0.61,0.15,0.76,0.46,0.61,Matches
72,Abdul Hakku / Abdul-Hakku,in IND,DF,Kerala Blasters,25,1994,3,1,167,0,0,0,0,1,0,0.00,0.00,0.00,0.00,0.00,Matches
73,Abhisek Halder / Abhisek-Halder,in IND,MF,Hyderabad FC,20,1999,5,2,185,0,1,0,0,2,0,0.00,0.49,0.49,0.00,0.49,Matches
74,Pronay Halder / Pronay-Halder,in IND,MF,Kolkata,26,1993,5,3,257,1,0,0,0,0,0,0.35,0.00,0.35,0.35,0.35,Matches
75,Thongkhosiem Haokip / Thongkhosiem-Haokip,in IND,FW,Bengaluru,25,1993,9,0,148,1,0,0,0,0,0,0.61,0.00,0.61,0.61,0.61,Matches
76,Kai Heerings / Kai-Heerings,nl NED,DFMF,NorthEast Utd,29,1990,7,7,612,0,0,0,0,1,0,0.00,0.00,0.00,0.00,0.00,Matches
77,Javi Hernández / Javi-Hernandez,es ESP,MF,Kolkata,30,1989,11,11,905,0,2,0,0,1,0,0.00,0.20,0.20,0.00,0.20,Matches
78,Xisco Hernández / Xisco-Hernandez,es ESP,MF,Delhi Dynamos,30,1989,10,8,672,4,1,0,0,0,0,0.54,0.13,0.67,0.54,0.67,Matches
79,Hmingthanmawia / Hmingthanmawia,in IND,FW,Mumbai City,19,2000,2,0,53,0,0,0,0,0,0,0.00,0.00,0.00,0.00,0.00,Matches
80,Ahmed Jahouh / Ahmed-Jahouh,ma MAR,MF,Goa,31,1988,9,9,791,1,0,0,0,4,1,0.11,0.00,0.11,0.11,0.11,Matches
81,Bikash Jairu / Bikash-Jairu,in IND,MF,Jamshedpur,37,1982,4,3,223,0,0,0,0,0,1,0.00,0.00,0.00,0.00,0.00,Matches
82,Juanan / Juanan,es ESP,DF,Bengaluru,32,1987,11,11,990,1,0,0,0,1,0,0.09,0.00,0.09,0.09,0.09,Matches
83,Jobby Justin / Jobby-Justin,in IND,FW,Kolkata,25,1993,7,1,164,1,1,0,0,0,0,0.55,0.55,1.10,0.55,1.10,Matches
84,Nikhil Kadam / Nikhil-Kadam,in IND,MF,NorthEast Utd,26,1993,5,3,215,0,0,0,0,0,0,0.00,0.00,0.00,0.00,0.00,Matches
85,Vishal Kaith / Vishal-Kaith,in IND,GK,Chennaiyin,23,1996,9,9,810,0,0,0,0,2,0,0.00,0.00,0.00,0.00,0.00,Matches
86,Rahul Kannoly Praveen / Rahul-Kannoly-Praveen,in IND,FW,Kerala Blasters,19,2000,5,3,315,1,0,0,0,0,0,0.29,0.00,0.29,0.29,0.29,Matches
87,Prasanth Karuthadathkuni / Prasanth-Karuthadathkuni,in IND,FW,Kerala Blasters,22,1997,10,9,764,0,1,0,0,0,0,0.00,0.12,0.12,0.00,0.12,Matches
88,Serge Kevyn / Serge-Kevyn,ga GAB,FW,Mumbai City,24,1994,9,2,324,1,0,0,0,2,0,0.28,0.00,0.28,0.28,0.28,Matches
89,Harmanjot Khabra / Harmanjot-Khabra,in IND,MF,Bengaluru,30,1988,11,11,930,0,0,0,0,1,0,0.00,0.00,0.00,0.00,0.00,Matches
90,Adil Khan / Adil-Khan,in IND,MF,Hyderabad FC,31,1988,6,6,540,0,0,0,0,1,0,0.00,0.00,0.00,0.00,0.00,Matches
91,Bilal Khan / Bilal-Khan,in IND,GK,Kerala Blasters,24,1994,2,2,180,0,0,0,0,0,0,0.00,0.00,0.00,0.00,0.00,Matches
92,Matthew Kilgallon / Matthew-Kilgallon,eng ENG,DF,Hyderabad FC,35,1984,10,10,900,1,0,0,0,1,0,0.10,0.00,0.10,0.10,0.10,Matches
93,Mislav Komorski / Mislav-Komorski,hr CRO,DF,NorthEast Utd,27,1992,7,7,585,0,0,0,0,0,0,0.00,0.00,0.00,0.00,0.00,Matches
94,Pritam Kotal / Pritam-Kotal,in IND,DF,Kolkata,25,1993,11,11,990,0,0,0,0,2,0,0.00,0.00,0.00,0.00,0.00,Matches
95,Roy Krishna / Roy-Krishna,fj FIJ,FW,Kolkata,31,1987,11,11,984,8,2,3,3,0,0,0.73,0.18,0.91,0.46,0.64,Matches
96,Nanda Kumar / Nanda-Kumar,in IND,MF,Delhi Dynamos,23,1995,10,9,817,0,1,0,0,1,0,0.00,0.11,0.11,0.00,0.11,Matches
97,Nishu Kumar / Nishu-Kumar,in IND,DF,Bengaluru,22,1997,11,11,926,0,0,0,0,1,0,0.00,0.00,0.00,0.00,0.00,Matches
98,Rohit Kumar / Rohit-Kumar,in IND,MF,Hyderabad FC,22,1997,7,6,485,1,1,0,0,0,0,0.19,0.19,0.37,0.19,0.37,Matches
99,Ashique Kuruniyan / Ashique-Kuruniyan,in IND,MF,Bengaluru,22,1997,11,9,834,0,1,0,0,3,0,0.00,0.11,0.11,0.00,0.11,Matches
100,Provat Lakra / Provat-Lakra,in IND,DF,NorthEast Utd,21,1997,1,0,13,0,0,0,0,0,0,0.00,0.00,0.00,0.00,0.00,Matches
101,R Laldanmawia / R-Laldanmawia,in IND,MF,Hyderabad FC,26,1992,3,2,165,0,0,0,0,0,0,0.00,0.00,0.00,0.00,0.00,Matches
102,Lalengmawia / Lalengmawia,in IND,MF,NorthEast Utd,18,2000,2,2,180,0,0,0,0,1,0,0.00,0.00,0.00,0.00,0.00,Matches
103,Daniel Lalhlimpuia / Daniel-Lalhlimpuia,in IND,FW,Delhi Dynamos,21,1997,9,3,269,0,0,0,0,0,0,0.00,0.00,0.00,0.00,0.00,Matches
104,Samuel Lalmuanpuia / Samuel-Lalmuanpuia,in IND,MF,Kerala Blasters,21,1998,3,0,43,0,0,0,0,0,0,0.00,0.00,0.00,0.00,0.00,Matches
105,Edmund Lalrindika / Edmund-Lalrindika,in IND,FW,Bengaluru,20,1999,2,0,1,0,0,0,0,0,0,0.00,0.00,0.00,0.00,0.00,Matches
106,Jerry Lalrinzuala / Jerry-Lalrinzuala,in IND,DF,Chennaiyin,21,1998,2,1,135,0,0,0,0,0,0,0.00,0.00,0.00,0.00,0.00,Matches
107,K Lalthathanga / K-Lalthathanga,in IND,MF,NorthEast Utd,21,1998,8,5,473,0,1,0,0,1,0,0.00,0.19,0.19,0.00,0.19,Matches
108,Mohamed Larbi / Mohamed-Larbi,tn TUN,MF,Mumbai City,32,1987,11,11,978,1,3,1,2,1,0,0.09,0.28,0.37,0.00,0.28,Matches
109,Kean Lewis / Kean-Lewis,in IND,MF,Bengaluru,26,1992,3,0,17,0,0,0,0,0,0,0.00,0.00,0.00,0.00,0.00,Matches
110,Joyner Lourenco / Joyner-Lourenco,in IND,DF,Jamshedpur,27,1991,2,1,93,0,0,0,0,0,0,0.00,0.00,0.00,0.00,0.00,Matches
111,Eugeneson Lyngdoh / Eugeneson-Lyngdoh,in IND,MF,Bengaluru,32,1986,4,0,35,0,0,0,0,1,0,0.00,0.00,0.00,0.00,0.00,Matches
112,Paulo Machado / Paulo-Machado,pt POR,MF,Mumbai City,33,1986,9,8,642,1,1,0,0,0,0,0.14,0.14,0.28,0.14,0.28,Matches
113,Seiminmang Manchong / Seiminmang-Manchong,in IND,FW,Delhi Dynamos,,,3,0,31,0,0,0,0,0,0,0.00,0.00,0.00,0.00,0.00,Matches
114,Mandi / Mandi,es ESP,MF,Kolkata,30,1989,3,3,267,0,0,0,0,2,0,0.00,0.00,0.00,0.00,0.00,Matches
115,Marcelinho / Marcelinho,br BRA,FWMF,Hyderabad FC,32,1987,9,9,748,2,1,0,0,4,0,0.24,0.12,0.36,0.24,0.36,Matches
116,Jerry Mawihmingthanga / Jerry-Mawihmingthanga,in IND,MF,Delhi Dynamos,22,1997,9,9,767,1,4,0,0,0,0,0.12,0.47,0.59,0.12,0.59,Matches
117,Carl McHugh / Carl-McHugh,ie IRL,DF,Kolkata,26,1993,6,6,510,1,0,0,0,1,0,0.18,0.00,0.18,0.18,0.18,Matches
118,Ninthoinganba Meetei / Ninthoinganba-Meetei,in IND,MF,NorthEast Utd,18,2001,3,0,27,0,0,0,0,0,0,0.00,0.00,0.00,0.00,0.00,Matches
119,Memo / Memo,br BRA,MF,Jamshedpur,31,1988,10,9,855,0,1,0,0,0,0,0.00,0.11,0.11,0.00,0.11,Matches
120,Raphaël Messi Bouli / Raphael-Messi-Bouli,cm CMR,DF,Kerala Blasters,27,1992,10,6,586,4,0,1,1,2,0,0.61,0.00,0.61,0.46,0.46,Matches
121,Víctor Mongil / Victor-Mongil,es ESP,DF,Kolkata,27,1992,1,1,90,0,0,0,0,0,0,0.00,0.00,0.00,0.00,0.00,Matches
122,Aitor Monroy Rueda / Aitor-Monroy-Rueda,es ESP,MF,Jamshedpur,31,1987,10,10,900,1,0,1,1,2,0,0.10,0.00,0.10,0.00,0.00,Matches
123,Mohammad Nawaz / Mohammad-Nawaz,in IND,GK,Goa,19,2000,11,11,990,0,0,0,0,2,0,0.00,0.00,0.00,0.00,0.00,Matches
124,Bartholomew Ogbeche / Bartholomew-Ogbeche,ng NGA,FW,Kerala Blasters,34,1984,8,7,597,4,0,2,2,1,0,0.60,0.00,0.60,0.30,0.30,Matches
125,Manuel Onwu / Manuel-Onwu,es ESP,FW,Bengaluru,31,1988,4,3,276,0,1,0,0,0,0,0.00,0.33,0.33,0.00,0.33,Matches
126,Erik Paartalu / Erik-Paartalu,au AUS,MF,Bengaluru,33,1986,8,8,720,1,3,0,0,3,0,0.12,0.37,0.50,0.12,0.50,Matches
127,Subrata Pal / Subrata-Pal,in IND,GK,Jamshedpur,32,1986,10,10,900,0,0,0,0,1,0,0.00,0.00,0.00,0.00,0.00,Matches
128,Sahil Panwar / Sahil-Panwar,in IND,DF,Hyderabad FC,19,1999,6,4,294,0,0,0,0,1,1,0.00,0.00,0.00,0.00,0.00,Matches
129,Sumeet Passi / Sumeet-Passi,in IND,FW,Jamshedpur,24,1994,9,4,479,0,1,0,0,3,0,0.00,0.19,0.19,0.00,0.19,Matches
130,Carlos Peña / Carlos-Pena,es ESP,DF,Goa,36,1983,11,11,983,2,0,0,0,1,0,0.18,0.00,0.18,0.18,0.18,Matches
131,Keegan Pereira / Keegan-Pereira,in IND,DF,Jamshedpur,31,1987,4,3,261,0,0,0,0,2,0,0.00,0.00,0.00,0.00,0.00,Matches
132,Martín Pérez Guedes / Martin-Perez-Guedes,ar ARG,MF,Delhi Dynamos,27,1991,10,3,398,1,1,1,1,0,0,0.23,0.23,0.45,0.00,0.23,Matches
133,Piti / Piti,es ESP,FW,Jamshedpur,38,1981,6,6,417,1,2,1,1,1,0,0.22,0.43,0.65,0.00,0.43,Matches
134,Nikhil Poojari / Nikhil-Poojari,in IND,MF,Hyderabad FC,23,1995,10,10,900,0,0,0,0,0,0,0.00,0.00,0.00,0.00,0.00,Matches
135,Rakesh Pradhan / Rakesh-Pradhan,in IND,DF,NorthEast Utd,21,1997,8,8,720,0,1,0,0,1,0,0.00,0.12,0.12,0.00,0.12,Matches
136,Rafa / Rafa,es ESP,DFMF,Hyderabad FC,34,1985,5,5,366,0,0,0,0,0,0,0.00,0.00,0.00,0.00,0.00,Matches
137,Mohammed Rafi / Mohammed-Rafi,in IND,FW,Kerala Blasters,37,1982,2,0,61,0,0,0,0,0,0,0.00,0.00,0.00,0.00,0.00,Matches
138,Mohammed Rafique / Mohammed-Rafique,in IND,MF,Mumbai City,26,1992,2,1,91,0,0,0,0,0,0,0.00,0.00,0.00,0.00,0.00,Matches
139,Mobashir Rahman / Mobashir-Rahman,in IND,MF,Jamshedpur,,,7,5,414,0,0,0,0,0,0,0.00,0.00,0.00,0.00,0.00,Matches
140,Asish Rai / Asish-Rai,in IND,DF,Hyderabad FC,20,1999,7,5,472,0,1,0,0,0,0,0.00,0.19,0.19,0.00,0.19,Matches
141,Vinit Rai / Vinit-Rai,in IND,MF,Delhi Dynamos,21,1997,8,8,574,0,0,0,0,4,1,0.00,0.00,0.00,0.00,0.00,Matches
142,Mohamad Rakip / Mohamad-Rakip,in IND,DF,Kerala Blasters,19,2000,10,10,871,0,0,0,0,1,0,0.00,0.00,0.00,0.00,0.00,Matches
143,Jayesh Rane / Jayesh-Rane,in IND,FW,Kolkata,27,1991,9,6,478,0,2,0,0,1,0,0.00,0.38,0.38,0.00,0.38,Matches
144,Salam Ranjan Singh / Salam-Ranjan-Singh,in IND,DF,Kolkata,23,1995,3,3,270,0,0,0,0,0,0,0.00,0.00,0.00,0.00,0.00,Matches
145,Mandar Rao Dessai / Mandar-Rao-Dessai,in IND,MF,Goa,27,1992,11,11,964,0,0,0,0,1,0,0.00,0.00,0.00,0.00,0.00,Matches
146,Sumit Rathi / Sumit-Rathi,in IND,DF,Kolkata,19,1999,4,3,315,0,0,0,0,1,0,0.00,0.00,0.00,0.00,0.00,Matches
147,Princeton Rebello / Princeton-Rebello,in IND,MF,Goa,20,1999,5,0,20,0,0,0,0,0,0,0.00,0.00,0.00,0.00,0.00,Matches
148,Jairo Rodrigues / Jairo-Rodrigues,br BRA,DFGK,Kerala Blasters,26,1992,4,4,275,0,0,0,0,3,0,0.00,0.00,0.00,0.00,0.00,Matches
149,Lenny Rodrigues / Lenny-Rodrigues,in IND,MF,Goa,32,1987,11,11,929,2,0,0,0,2,0,0.19,0.00,0.19,0.19,0.19,Matches
150,Subhasish Roy Chowdhury / Subhasish-Roy-Chowdhury,in IND,GK,NorthEast Utd,32,1986,9,9,810,0,0,0,0,4,0,0.00,0.00,0.00,0.00,0.00,Matches
151,Eli Sabiá / Eli-Sabia,br BRA,DF,Chennaiyin,30,1988,8,8,719,0,0,0,0,2,1,0.00,0.00,0.00,0.00,0.00,Matches
152,Masih Saighani / Masih-Saighani,af AFG,MF,Chennaiyin,32,1986,6,5,355,0,0,0,0,1,0,0.00,0.00,0.00,0.00,0.00,Matches
153,Mohammad Sajid Dhot / Mohammad-Sajid-Dhot,in IND,DF,Delhi Dynamos,21,1997,1,0,5,0,0,0,0,0,0,0.00,0.00,0.00,0.00,0.00,Matches
154,Shankar Sampingiraj / Shankar-Sampingiraj,in IND,DFMF,Hyderabad FC,24,1994,4,2,203,0,0,0,0,1,0,0.00,0.00,0.00,0.00,0.00,Matches
155,Shubham Sarangi / Shubham-Sarangi,in IND,FW,Delhi Dynamos,19,2000,10,10,850,0,0,0,0,3,0,0.00,0.00,0.00,0.00,0.00,Matches
156,André Schembri / Andre-Schembri,mt MLT,FWMF,Chennaiyin,33,1986,8,5,449,3,0,0,0,1,0,0.60,0.00,0.60,0.60,0.60,Matches
157,Albert Serrán / Albert-Serran,es ESP,DF,Bengaluru,35,1984,9,8,691,1,0,0,0,1,0,0.13,0.00,0.13,0.13,0.13,Matches
158,Gurpreet Singh Sandhu / Gurpreet-Singh-Sandhu,in IND,GK,Bengaluru,27,1992,11,11,990,0,0,0,0,0,0,0.00,0.00,0.00,0.00,0.00,Matches
159,Amrinder Singh / Amrinder-Singh,in IND,GK,Mumbai City,26,1993,11,11,990,0,0,0,0,2,0,0.00,0.00,0.00,0.00,0.00,Matches
160,Arshdeep Singh / Arshdeep-Singh,in IND,GK,Delhi Dynamos,21,1997,6,6,540,0,0,0,0,0,0,0.00,0.00,0.00,0.00,0.00,Matches
161,Balwant Singh / Balwant-Singh,in IND,FW,Kolkata,34,1985,4,0,29,0,0,0,0,0,0,0.00,0.00,0.00,0.00,0.00,Matches
162,Bidyananda Singh / Bidyananda-Singh,in IND,MF,Mumbai City,21,1997,3,0,75,0,1,0,0,0,0,0.00,1.20,1.20,0.00,1.20,Matches
163,Bikramjit Singh / Bikramjit-Singh,in IND,MF,Delhi Dynamos,26,1992,4,0,121,0,0,0,0,0,0,0.00,0.00,0.00,0.00,0.00,Matches
164,Bipin Singh / Bipin-Singh,in IND,FWMF,Mumbai City,24,1995,8,3,241,0,1,0,0,0,0,0.00,0.37,0.37,0.00,0.37,Matches
165,Germanpreet Singh / Germanpreet-Singh,in IND,MF,Chennaiyin,23,1996,5,2,265,0,0,0,0,3,0,0.00,0.00,0.00,0.00,0.00,Matches
166,Gursimrat Singh / Gursimrat-Singh,in IND,DF,Bengaluru,21,1997,1,0,,0,0,0,0,0,0,,,,,,Matches
167,Gurtej Singh / Gurtej-Singh,in IND,DF,Hyderabad FC,29,1990,9,9,810,0,1,0,0,4,0,0.00,0.11,0.11,0.00,0.11,Matches
168,Jackichand Singh / Jackichand-Singh,in IND,FWMF,Goa,27,1992,11,9,697,0,3,0,0,0,0,0.00,0.39,0.39,0.00,0.39,Matches
169,Jeakson Singh / Jeakson-Singh,in IND,MF,Kerala Blasters,18,2001,8,7,667,0,0,0,0,1,0,0.00,0.00,0.00,0.00,0.00,Matches
170,Jitendra Singh / Jitendra-Singh,in IND,DF,Jamshedpur,18,2001,4,3,325,0,0,0,0,1,0,0.00,0.00,0.00,0.00,0.00,Matches
171,Kamaljit Singh / Kamaljit-Singh,in IND,GK,Hyderabad FC,23,1995,10,10,900,0,0,0,0,2,0,0.00,0.00,0.00,0.00,0.00,Matches
172,Konsham Singh / Konsham-Singh,in IND,DF,Goa,22,1996,1,1,90,0,0,0,0,1,0,0.00,0.00,0.00,0.00,0.00,Matches
173,Manvir Singh / Manvir-Singh,in IND,FW,Goa,23,1995,11,4,452,2,0,0,0,0,0,0.40,0.00,0.40,0.40,0.40,Matches
174,Milan Singh / Milan-Singh,in IND,MF,NorthEast Utd,27,1992,7,4,382,0,0,0,0,1,0,0.00,0.00,0.00,0.00,0.00,Matches
175,Reagan Singh / Reagan-Singh,in IND,DF,NorthEast Utd,28,1991,9,9,810,0,0,0,0,0,0,0.00,0.00,0.00,0.00,0.00,Matches
176,Robin Singh / Robin-Singh,in IND,FW,Hyderabad FC,29,1990,9,5,527,1,0,0,0,3,0,0.17,0.00,0.17,0.17,0.17,Matches
177,Sehnaj Singh / Sehnaj-Singh,in IND,MF,Kolkata,26,1993,8,4,385,0,0,0,0,3,0,0.00,0.00,0.00,0.00,0.00,Matches
178,Seityasen Singh / Seityasen-Singh,in IND,FWMF,Kerala Blasters,27,1992,5,4,337,0,0,0,0,1,0,0.00,0.00,0.00,0.00,0.00,Matches
179,Surchandra Singh / Surchandra-Singh,in IND,MF,Mumbai City,25,1994,1,0,22,0,0,0,0,0,0,0.00,0.00,0.00,0.00,0.00,Matches
180,Thoi Singh / Thoi-Singh,in IND,MF,Chennaiyin,28,1990,7,4,351,0,1,0,0,0,0,0.00,0.26,0.26,0.00,0.26,Matches
181,Tondonba Singh / Tondonba-Singh,in IND,DF,Chennaiyin,24,1994,8,8,675,0,0,0,0,0,0,0.00,0.00,0.00,0.00,0.00,Matches
182,Udanta Singh / Udanta-Singh,in IND,FW,Bengaluru,23,1996,11,11,918,1,0,0,0,1,0,0.10,0.00,0.10,0.10,0.10,Matches
183,Wangjam Singh / Wangjam-Singh,in IND,MF,Bengaluru,18,2000,3,0,29,0,0,0,0,0,0,0.00,0.00,0.00,0.00,0.00,Matches
184,Michael Soosairaj / Michael-Soosairaj,in IND,MF,Kolkata,24,1994,11,9,791,2,0,0,0,1,0,0.23,0.00,0.23,0.23,0.23,Matches
185,Modou Sougou / Modou-Sougou,sn SEN,FWMF,Mumbai City,34,1984,9,8,676,2,2,0,0,3,0,0.27,0.27,0.53,0.27,0.53,Matches
186,Marko Stanković / Marko-Stankovic,at AUT,FWMF,Hyderabad FC,33,1986,8,6,561,1,0,1,1,2,0,0.16,0.00,0.16,0.00,0.00,Matches
187,Edwin Sydney Vanspaul / Edwin-Sydney-Vanspaul,in IND,MF,Chennaiyin,26,1992,9,9,809,0,0,0,0,2,1,0.00,0.00,0.00,0.00,0.00,Matches
188,Nim Tamang / Nim-Tamang,in IND,DF,NorthEast Utd,23,1995,2,2,167,0,0,0,0,0,0,0.00,0.00,0.00,0.00,0.00,Matches
189,Deepak Tangri / Deepak-Tangri,in IND,DF,Chennaiyin,20,1999,1,0,13,0,0,0,0,0,0,0.00,0.00,0.00,0.00,0.00,Matches
190,Marcos Tébar / Marcos-Tebar,es ESP,DFMF,Delhi Dynamos,33,1986,10,10,839,0,0,0,0,1,0,0.00,0.00,0.00,0.00,0.00,Matches
191,Anirudh Thapa / Anirudh-Thapa,in IND,MF,Chennaiyin,21,1998,9,8,765,0,1,0,0,2,0,0.00,0.12,0.12,0.00,0.12,Matches
192,Komal Thatal / Komal-Thatal,in IND,MF,Kolkata,18,2000,1,0,6,0,0,0,0,0,0,0.00,0.00,0.00,0.00,0.00,Matches
193,Tiri / Tiri,es ESP,DF,Jamshedpur,28,1991,10,10,900,1,0,0,0,3,0,0.10,0.00,0.10,0.10,0.10,Matches
194,Redeem Tlang / Redeem-Tlang,in IND,FW,NorthEast Utd,24,1995,9,9,748,2,0,0,0,3,0,0.24,0.00,0.24,0.24,0.24,Matches
195,Rehenesh TP / Rehenesh-TP,in IND,GK,Kerala Blasters,26,1993,8,8,720,0,0,0,0,0,0,0.00,0.00,0.00,0.00,0.00,Matches
196,Panagiotis Triadis / Panagiotis-Triadis,gr GRE,FW,NorthEast Utd,26,1992,7,6,535,2,1,0,0,3,0,0.34,0.17,0.50,0.34,0.50,Matches
197,Nerijus Valskis / Nerijus-Valskis,lt LTU,MF,Chennaiyin,31,1987,9,7,630,5,2,0,0,3,0,0.71,0.29,1.00,0.71,1.00,Matches
198,Isaac Vanmalsawma / Isaac-Vanmalsawma,in IND,MF,Jamshedpur,22,1996,7,5,479,1,0,0,0,0,0,0.19,0.00,0.19,0.19,0.19,Matches
199,Wayne Vaz / Wayne-Vaz,in IND,DF,NorthEast Utd,20,1998,4,3,312,0,0,0,0,2,0,0.00,0.00,0.00,0.00,0.00,Matches
200,C.K. Vineeth / CK-Vineeth,in IND,MF,Jamshedpur,31,1988,6,4,300,1,0,0,0,0,0,0.30,0.00,0.30,0.30,0.30,Matches
201,David Williams / David-Williams,au AUS,FWMF,Kolkata,31,1988,11,11,949,5,3,0,0,0,0,0.47,0.28,0.76,0.47,0.76,Matches
202,Mohammed Yasir / Mohammed-Yasir,in IND,MF,Hyderabad FC,19,1999,8,6,566,0,0,0,0,1,0,0.00,0.00,0.00,0.00,0.00,Matches
203,Gianni Zuiverloon / Gianni-Zuiverloon,nl NED,DF,Kerala Blasters,32,1986,3,3,193,0,0,0,0,0,0,0.00,0.00,0.00,0.00,0.00,Matches
